"filename", "language", "C++", "CMake", "Markdown", "Batch", "C", "F#", "Makefile", "comment", "blank", "total"
"/Users/mateuszwrobel/Documents/Sem4/cpp/projekt/CMakeLists.txt", "CMake", 0, 22, 0, 0, 0, 0, 0, 0, 8, 30
"/Users/mateuszwrobel/Documents/Sem4/cpp/projekt/README.md", "Markdown", 0, 0, 3, 0, 0, 0, 0, 0, 1, 4
"/Users/mateuszwrobel/Documents/Sem4/cpp/projekt/build/_deps/raylib-src/examples/CMakeLists.txt", "CMake", 0, 177, 0, 0, 0, 0, 0, 0, 34, 211
"/Users/mateuszwrobel/Documents/Sem4/cpp/projekt/build/_deps/raylib-src/examples/Makefile", "Makefile", 0, 0, 0, 0, 0, 0, 569, 196, 63, 828
"/Users/mateuszwrobel/Documents/Sem4/cpp/projekt/build/_deps/raylib-src/examples/README.md", "Markdown", 0, 0, 255, 0, 0, 0, 0, 0, 30, 285
"/Users/mateuszwrobel/Documents/Sem4/cpp/projekt/build/_deps/raylib-src/examples/audio/audio_amp_envelope.c", "C", 0, 0, 0, 0, 146, 0, 0, 48, 45, 239
"/Users/mateuszwrobel/Documents/Sem4/cpp/projekt/build/_deps/raylib-src/examples/audio/audio_mixed_processor.c", "C", 0, 0, 0, 0, 58, 0, 0, 37, 31, 126
"/Users/mateuszwrobel/Documents/Sem4/cpp/projekt/build/_deps/raylib-src/examples/audio/audio_module_playing.c", "C", 0, 0, 0, 0, 91, 0, 0, 37, 35, 163
"/Users/mateuszwrobel/Documents/Sem4/cpp/projekt/build/_deps/raylib-src/examples/audio/audio_music_stream.c", "C", 0, 0, 0, 0, 79, 0, 0, 35, 31, 145
"/Users/mateuszwrobel/Documents/Sem4/cpp/projekt/build/_deps/raylib-src/examples/audio/audio_raw_stream.c", "C", 0, 0, 0, 0, 85, 0, 0, 35, 27, 147
"/Users/mateuszwrobel/Documents/Sem4/cpp/projekt/build/_deps/raylib-src/examples/audio/audio_sound_loading.c", "C", 0, 0, 0, 0, 26, 0, 0, 30, 15, 71
"/Users/mateuszwrobel/Documents/Sem4/cpp/projekt/build/_deps/raylib-src/examples/audio/audio_sound_multi.c", "C", 0, 0, 0, 0, 33, 0, 0, 38, 20, 91
"/Users/mateuszwrobel/Documents/Sem4/cpp/projekt/build/_deps/raylib-src/examples/audio/audio_sound_positioning.c", "C", 0, 0, 0, 0, 58, 0, 0, 45, 29, 132
"/Users/mateuszwrobel/Documents/Sem4/cpp/projekt/build/_deps/raylib-src/examples/audio/audio_spectrum_visualizer.c", "C", 0, 0, 0, 0, 200, 0, 0, 37, 48, 285
"/Users/mateuszwrobel/Documents/Sem4/cpp/projekt/build/_deps/raylib-src/examples/audio/audio_stream_callback.c", "C", 0, 0, 0, 0, 144, 0, 0, 58, 45, 247
"/Users/mateuszwrobel/Documents/Sem4/cpp/projekt/build/_deps/raylib-src/examples/audio/audio_stream_effects.c", "C", 0, 0, 0, 0, 99, 0, 0, 48, 41, 188
"/Users/mateuszwrobel/Documents/Sem4/cpp/projekt/build/_deps/raylib-src/examples/audio/raygui.h", "C++", 3946, 0, 0, 0, 0, 0, 0, 1228, 878, 6052
"/Users/mateuszwrobel/Documents/Sem4/cpp/projekt/build/_deps/raylib-src/examples/audio/resources/LICENSE.md", "Markdown", 0, 0, 10, 0, 0, 0, 0, 0, 1, 11
"/Users/mateuszwrobel/Documents/Sem4/cpp/projekt/build/_deps/raylib-src/examples/audio/resources/shaders/glsl100/fft.fs", "F#", 0, 0, 0, 0, 0, 27, 0, 2, 9, 38
"/Users/mateuszwrobel/Documents/Sem4/cpp/projekt/build/_deps/raylib-src/examples/audio/resources/shaders/glsl120/fft.fs", "F#", 0, 0, 0, 0, 0, 26, 0, 2, 8, 36
"/Users/mateuszwrobel/Documents/Sem4/cpp/projekt/build/_deps/raylib-src/examples/audio/resources/shaders/glsl330/fft.fs", "F#", 0, 0, 0, 0, 0, 27, 0, 0, 9, 36
"/Users/mateuszwrobel/Documents/Sem4/cpp/projekt/build/_deps/raylib-src/examples/build_example_web.bat", "Batch", 0, 0, 0, 24, 0, 0, 0, 20, 1, 45
"/Users/mateuszwrobel/Documents/Sem4/cpp/projekt/build/_deps/raylib-src/examples/core/core_2d_camera.c", "C", 0, 0, 0, 0, 74, 0, 0, 37, 34, 145
"/Users/mateuszwrobel/Documents/Sem4/cpp/projekt/build/_deps/raylib-src/examples/core/core_2d_camera_mouse_zoom.c", "C", 0, 0, 0, 0, 70, 0, 0, 52, 25, 147
"/Users/mateuszwrobel/Documents/Sem4/cpp/projekt/build/_deps/raylib-src/examples/core/core_2d_camera_platformer.c", "C", 0, 0, 0, 0, 216, 0, 0, 40, 52, 308
"/Users/mateuszwrobel/Documents/Sem4/cpp/projekt/build/_deps/raylib-src/examples/core/core_2d_camera_split_screen.c", "C", 0, 0, 0, 0, 95, 0, 0, 38, 37, 170
"/Users/mateuszwrobel/Documents/Sem4/cpp/projekt/build/_deps/raylib-src/examples/core/core_3d_camera_first_person.c", "C", 0, 0, 0, 0, 115, 0, 0, 62, 31, 208
"/Users/mateuszwrobel/Documents/Sem4/cpp/projekt/build/_deps/raylib-src/examples/core/core_3d_camera_fps.c", "C", 0, 0, 0, 0, 192, 0, 0, 77, 61, 330
"/Users/mateuszwrobel/Documents/Sem4/cpp/projekt/build/_deps/raylib-src/examples/core/core_3d_camera_free.c", "C", 0, 0, 0, 0, 37, 0, 0, 31, 21, 89
"/Users/mateuszwrobel/Documents/Sem4/cpp/projekt/build/_deps/raylib-src/examples/core/core_3d_camera_mode.c", "C", 0, 0, 0, 0, 30, 0, 0, 32, 18, 80
"/Users/mateuszwrobel/Documents/Sem4/cpp/projekt/build/_deps/raylib-src/examples/core/core_3d_camera_split_screen.c", "C", 0, 0, 0, 0, 95, 0, 0, 46, 36, 177
"/Users/mateuszwrobel/Documents/Sem4/cpp/projekt/build/_deps/raylib-src/examples/core/core_3d_picking.c", "C", 0, 0, 0, 0, 62, 0, 0, 33, 26, 121
"/Users/mateuszwrobel/Documents/Sem4/cpp/projekt/build/_deps/raylib-src/examples/core/core_automation_events.c", "C", 0, 0, 0, 0, 219, 0, 0, 64, 58, 341
"/Users/mateuszwrobel/Documents/Sem4/cpp/projekt/build/_deps/raylib-src/examples/core/core_basic_screen_manager.c", "C", 0, 0, 0, 0, 79, 0, 0, 49, 27, 155
"/Users/mateuszwrobel/Documents/Sem4/cpp/projekt/build/_deps/raylib-src/examples/core/core_basic_window.c", "C", 0, 0, 0, 0, 17, 0, 0, 44, 11, 72
"/Users/mateuszwrobel/Documents/Sem4/cpp/projekt/build/_deps/raylib-src/examples/core/core_clipboard_text.c", "C", 0, 0, 0, 0, 89, 0, 0, 46, 30, 165
"/Users/mateuszwrobel/Documents/Sem4/cpp/projekt/build/_deps/raylib-src/examples/core/core_compute_hash.c", "C", 0, 0, 0, 0, 76, 0, 0, 40, 28, 144
"/Users/mateuszwrobel/Documents/Sem4/cpp/projekt/build/_deps/raylib-src/examples/core/core_custom_frame_control.c", "C", 0, 0, 0, 0, 67, 0, 0, 48, 27, 142
"/Users/mateuszwrobel/Documents/Sem4/cpp/projekt/build/_deps/raylib-src/examples/core/core_custom_logging.c", "C", 0, 0, 0, 0, 38, 0, 0, 35, 18, 91
"/Users/mateuszwrobel/Documents/Sem4/cpp/projekt/build/_deps/raylib-src/examples/core/core_delta_time.c", "C", 0, 0, 0, 0, 47, 0, 0, 46, 19, 112
"/Users/mateuszwrobel/Documents/Sem4/cpp/projekt/build/_deps/raylib-src/examples/core/core_directory_files.c", "C", 0, 0, 0, 0, 54, 0, 0, 36, 23, 113
"/Users/mateuszwrobel/Documents/Sem4/cpp/projekt/build/_deps/raylib-src/examples/core/core_drop_files.c", "C", 0, 0, 0, 0, 54, 0, 0, 33, 21, 108
"/Users/mateuszwrobel/Documents/Sem4/cpp/projekt/build/_deps/raylib-src/examples/core/core_highdpi_demo.c", "C", 0, 0, 0, 0, 73, 0, 0, 38, 24, 135
"/Users/mateuszwrobel/Documents/Sem4/cpp/projekt/build/_deps/raylib-src/examples/core/core_highdpi_testbed.c", "C", 0, 0, 0, 0, 51, 0, 0, 37, 20, 108
"/Users/mateuszwrobel/Documents/Sem4/cpp/projekt/build/_deps/raylib-src/examples/core/core_input_actions.c", "C", 0, 0, 0, 0, 106, 0, 0, 61, 37, 204
"/Users/mateuszwrobel/Documents/Sem4/cpp/projekt/build/_deps/raylib-src/examples/core/core_input_gamepad.c", "C", 0, 0, 0, 0, 180, 0, 0, 64, 48, 292
"/Users/mateuszwrobel/Documents/Sem4/cpp/projekt/build/_deps/raylib-src/examples/core/core_input_gestures.c", "C", 0, 0, 0, 0, 65, 0, 0, 33, 25, 123
"/Users/mateuszwrobel/Documents/Sem4/cpp/projekt/build/_deps/raylib-src/examples/core/core_input_gestures_testbed.c", "C", 0, 0, 0, 0, 217, 0, 0, 63, 36, 316
"/Users/mateuszwrobel/Documents/Sem4/cpp/projekt/build/_deps/raylib-src/examples/core/core_input_keys.c", "C", 0, 0, 0, 0, 23, 0, 0, 30, 13, 66
"/Users/mateuszwrobel/Documents/Sem4/cpp/projekt/build/_deps/raylib-src/examples/core/core_input_mouse.c", "C", 0, 0, 0, 0, 36, 0, 0, 30, 16, 82
"/Users/mateuszwrobel/Documents/Sem4/cpp/projekt/build/_deps/raylib-src/examples/core/core_input_mouse_wheel.c", "C", 0, 0, 0, 0, 22, 0, 0, 30, 13, 65
"/Users/mateuszwrobel/Documents/Sem4/cpp/projekt/build/_deps/raylib-src/examples/core/core_input_multitouch.c", "C", 0, 0, 0, 0, 30, 0, 0, 37, 15, 82
"/Users/mateuszwrobel/Documents/Sem4/cpp/projekt/build/_deps/raylib-src/examples/core/core_input_virtual_controls.c", "C", 0, 0, 0, 0, 102, 0, 0, 43, 27, 172
"/Users/mateuszwrobel/Documents/Sem4/cpp/projekt/build/_deps/raylib-src/examples/core/core_keyboard_testbed.c", "C", 0, 0, 0, 0, 243, 0, 0, 60, 30, 333
"/Users/mateuszwrobel/Documents/Sem4/cpp/projekt/build/_deps/raylib-src/examples/core/core_monitor_detector.c", "C", 0, 0, 0, 0, 89, 0, 0, 42, 29, 160
"/Users/mateuszwrobel/Documents/Sem4/cpp/projekt/build/_deps/raylib-src/examples/core/core_random_sequence.c", "C", 0, 0, 0, 0, 98, 0, 0, 44, 36, 178
"/Users/mateuszwrobel/Documents/Sem4/cpp/projekt/build/_deps/raylib-src/examples/core/core_random_values.c", "C", 0, 0, 0, 0, 26, 0, 0, 32, 16, 74
"/Users/mateuszwrobel/Documents/Sem4/cpp/projekt/build/_deps/raylib-src/examples/core/core_render_texture.c", "C", 0, 0, 0, 0, 39, 0, 0, 39, 23, 101
"/Users/mateuszwrobel/Documents/Sem4/cpp/projekt/build/_deps/raylib-src/examples/core/core_scissor_test.c", "C", 0, 0, 0, 0, 27, 0, 0, 35, 17, 79
"/Users/mateuszwrobel/Documents/Sem4/cpp/projekt/build/_deps/raylib-src/examples/core/core_screen_recording.c", "C", 0, 0, 0, 0, 83, 0, 0, 55, 29, 167
"/Users/mateuszwrobel/Documents/Sem4/cpp/projekt/build/_deps/raylib-src/examples/core/core_smooth_pixelperfect.c", "C", 0, 0, 0, 0, 80, 0, 0, 38, 32, 150
"/Users/mateuszwrobel/Documents/Sem4/cpp/projekt/build/_deps/raylib-src/examples/core/core_storage_values.c", "C", 0, 0, 0, 0, 116, 0, 0, 48, 36, 200
"/Users/mateuszwrobel/Documents/Sem4/cpp/projekt/build/_deps/raylib-src/examples/core/core_text_file_loading.c", "C", 0, 0, 0, 0, 89, 0, 0, 50, 35, 174
"/Users/mateuszwrobel/Documents/Sem4/cpp/projekt/build/_deps/raylib-src/examples/core/core_undo_redo.c", "C", 0, 0, 0, 0, 189, 0, 0, 79, 45, 313
"/Users/mateuszwrobel/Documents/Sem4/cpp/projekt/build/_deps/raylib-src/examples/core/core_viewport_scaling.c", "C", 0, 0, 0, 0, 214, 0, 0, 54, 53, 321
"/Users/mateuszwrobel/Documents/Sem4/cpp/projekt/build/_deps/raylib-src/examples/core/core_vr_simulator.c", "C", 0, 0, 0, 0, 85, 0, 0, 42, 25, 152
"/Users/mateuszwrobel/Documents/Sem4/cpp/projekt/build/_deps/raylib-src/examples/core/core_window_flags.c", "C", 0, 0, 0, 0, 121, 0, 0, 51, 36, 208
"/Users/mateuszwrobel/Documents/Sem4/cpp/projekt/build/_deps/raylib-src/examples/core/core_window_letterbox.c", "C", 0, 0, 0, 0, 48, 0, 0, 40, 22, 110
"/Users/mateuszwrobel/Documents/Sem4/cpp/projekt/build/_deps/raylib-src/examples/core/core_window_should_close.c", "C", 0, 0, 0, 0, 31, 0, 0, 33, 16, 80
"/Users/mateuszwrobel/Documents/Sem4/cpp/projekt/build/_deps/raylib-src/examples/core/core_window_web.c", "C", 0, 0, 0, 0, 29, 0, 0, 43, 15, 87
"/Users/mateuszwrobel/Documents/Sem4/cpp/projekt/build/_deps/raylib-src/examples/core/core_world_screen.c", "C", 0, 0, 0, 0, 35, 0, 0, 32, 21, 88
"/Users/mateuszwrobel/Documents/Sem4/cpp/projekt/build/_deps/raylib-src/examples/core/msf_gif.h", "C++", 398, 0, 0, 0, 0, 0, 0, 225, 95, 718
"/Users/mateuszwrobel/Documents/Sem4/cpp/projekt/build/_deps/raylib-src/examples/core/raygui.h", "C++", 3946, 0, 0, 0, 0, 0, 0, 1228, 878, 6052
"/Users/mateuszwrobel/Documents/Sem4/cpp/projekt/build/_deps/raylib-src/examples/core/resources/LICENSE.md", "Markdown", 0, 0, 4, 0, 0, 0, 0, 0, 1, 5
"/Users/mateuszwrobel/Documents/Sem4/cpp/projekt/build/_deps/raylib-src/examples/core/resources/shaders/glsl100/distortion.fs", "F#", 0, 0, 0, 0, 0, 38, 0, 6, 9, 53
"/Users/mateuszwrobel/Documents/Sem4/cpp/projekt/build/_deps/raylib-src/examples/core/resources/shaders/glsl120/distortion.fs", "F#", 0, 0, 0, 0, 0, 37, 0, 6, 8, 51
"/Users/mateuszwrobel/Documents/Sem4/cpp/projekt/build/_deps/raylib-src/examples/core/resources/shaders/glsl330/distortion.fs", "F#", 0, 0, 0, 0, 0, 38, 0, 7, 9, 54
"/Users/mateuszwrobel/Documents/Sem4/cpp/projekt/build/_deps/raylib-src/examples/examples_template.c", "C", 0, 0, 0, 0, 19, 0, 0, 92, 17, 128
"/Users/mateuszwrobel/Documents/Sem4/cpp/projekt/build/_deps/raylib-src/examples/models/models_animation_blend_custom.c", "C", 0, 0, 0, 0, 185, 0, 0, 90, 57, 332
"/Users/mateuszwrobel/Documents/Sem4/cpp/projekt/build/_deps/raylib-src/examples/models/models_animation_blending.c", "C", 0, 0, 0, 0, 169, 0, 0, 76, 48, 293
"/Users/mateuszwrobel/Documents/Sem4/cpp/projekt/build/_deps/raylib-src/examples/models/models_animation_gpu_skinning.c", "C", 0, 0, 0, 0, 55, 0, 0, 47, 27, 129
"/Users/mateuszwrobel/Documents/Sem4/cpp/projekt/build/_deps/raylib-src/examples/models/models_animation_timing.c", "C", 0, 0, 0, 0, 63, 0, 0, 40, 31, 134
"/Users/mateuszwrobel/Documents/Sem4/cpp/projekt/build/_deps/raylib-src/examples/models/models_basic_voxel.c", "C", 0, 0, 0, 0, 96, 0, 0, 44, 30, 170
"/Users/mateuszwrobel/Documents/Sem4/cpp/projekt/build/_deps/raylib-src/examples/models/models_billboard_rendering.c", "C", 0, 0, 0, 0, 52, 0, 0, 39, 25, 116
"/Users/mateuszwrobel/Documents/Sem4/cpp/projekt/build/_deps/raylib-src/examples/models/models_bone_socket.c", "C", 0, 0, 0, 0, 96, 0, 0, 48, 35, 179
"/Users/mateuszwrobel/Documents/Sem4/cpp/projekt/build/_deps/raylib-src/examples/models/models_box_collisions.c", "C", 0, 0, 0, 0, 63, 0, 0, 37, 28, 128
"/Users/mateuszwrobel/Documents/Sem4/cpp/projekt/build/_deps/raylib-src/examples/models/models_cubicmap_rendering.c", "C", 0, 0, 0, 0, 44, 0, 0, 32, 26, 102
"/Users/mateuszwrobel/Documents/Sem4/cpp/projekt/build/_deps/raylib-src/examples/models/models_decals.c", "C", 0, 0, 0, 0, 393, 0, 0, 100, 113, 606
"/Users/mateuszwrobel/Documents/Sem4/cpp/projekt/build/_deps/raylib-src/examples/models/models_directional_billboard.c", "C", 0, 0, 0, 0, 47, 0, 0, 45, 26, 118
"/Users/mateuszwrobel/Documents/Sem4/cpp/projekt/build/_deps/raylib-src/examples/models/models_first_person_maze.c", "C", 0, 0, 0, 0, 70, 0, 0, 40, 30, 140
"/Users/mateuszwrobel/Documents/Sem4/cpp/projekt/build/_deps/raylib-src/examples/models/models_geometric_shapes.c", "C", 0, 0, 0, 0, 38, 0, 0, 32, 20, 90
"/Users/mateuszwrobel/Documents/Sem4/cpp/projekt/build/_deps/raylib-src/examples/models/models_heightmap_rendering.c", "C", 0, 0, 0, 0, 39, 0, 0, 31, 22, 92
"/Users/mateuszwrobel/Documents/Sem4/cpp/projekt/build/_deps/raylib-src/examples/models/models_loading.c", "C", 0, 0, 0, 0, 74, 0, 0, 51, 31, 156
"/Users/mateuszwrobel/Documents/Sem4/cpp/projekt/build/_deps/raylib-src/examples/models/models_loading_gltf.c", "C", 0, 0, 0, 0, 41, 0, 0, 43, 26, 110
"/Users/mateuszwrobel/Documents/Sem4/cpp/projekt/build/_deps/raylib-src/examples/models/models_loading_iqm.c", "C", 0, 0, 0, 0, 43, 0, 0, 40, 22, 105
"/Users/mateuszwrobel/Documents/Sem4/cpp/projekt/build/_deps/raylib-src/examples/models/models_loading_m3d.c", "C", 0, 0, 0, 0, 59, 0, 0, 48, 25, 132
"/Users/mateuszwrobel/Documents/Sem4/cpp/projekt/build/_deps/raylib-src/examples/models/models_loading_vox.c", "C", 0, 0, 0, 0, 105, 0, 0, 52, 36, 193
"/Users/mateuszwrobel/Documents/Sem4/cpp/projekt/build/_deps/raylib-src/examples/models/models_mesh_generation.c", "C", 0, 0, 0, 0, 107, 0, 0, 47, 36, 190
"/Users/mateuszwrobel/Documents/Sem4/cpp/projekt/build/_deps/raylib-src/examples/models/models_mesh_picking.c", "C", 0, 0, 0, 0, 139, 0, 0, 56, 55, 250
"/Users/mateuszwrobel/Documents/Sem4/cpp/projekt/build/_deps/raylib-src/examples/models/models_orthographic_projection.c", "C", 0, 0, 0, 0, 49, 0, 0, 33, 23, 105
"/Users/mateuszwrobel/Documents/Sem4/cpp/projekt/build/_deps/raylib-src/examples/models/models_point_rendering.c", "C", 0, 0, 0, 0, 127, 0, 0, 50, 39, 216
"/Users/mateuszwrobel/Documents/Sem4/cpp/projekt/build/_deps/raylib-src/examples/models/models_rlgl_solar_system.c", "C", 0, 0, 0, 0, 96, 0, 0, 44, 32, 172
"/Users/mateuszwrobel/Documents/Sem4/cpp/projekt/build/_deps/raylib-src/examples/models/models_rotating_cube.c", "C", 0, 0, 0, 0, 39, 0, 0, 35, 21, 95
"/Users/mateuszwrobel/Documents/Sem4/cpp/projekt/build/_deps/raylib-src/examples/models/models_skybox_rendering.c", "C", 0, 0, 0, 0, 140, 0, 0, 83, 60, 283
"/Users/mateuszwrobel/Documents/Sem4/cpp/projekt/build/_deps/raylib-src/examples/models/models_tesseract_view.c", "C", 0, 0, 0, 0, 63, 0, 0, 44, 22, 129
"/Users/mateuszwrobel/Documents/Sem4/cpp/projekt/build/_deps/raylib-src/examples/models/models_textured_cube.c", "C", 0, 0, 0, 0, 142, 0, 0, 68, 37, 247
"/Users/mateuszwrobel/Documents/Sem4/cpp/projekt/build/_deps/raylib-src/examples/models/models_waving_cubes.c", "C", 0, 0, 0, 0, 52, 0, 0, 44, 26, 122
"/Users/mateuszwrobel/Documents/Sem4/cpp/projekt/build/_deps/raylib-src/examples/models/models_yaw_pitch_roll.c", "C", 0, 0, 0, 0, 64, 0, 0, 39, 26, 129
"/Users/mateuszwrobel/Documents/Sem4/cpp/projekt/build/_deps/raylib-src/examples/models/raygui.h", "C++", 3948, 0, 0, 0, 0, 0, 0, 1228, 878, 6054
"/Users/mateuszwrobel/Documents/Sem4/cpp/projekt/build/_deps/raylib-src/examples/models/resources/LICENSE.md", "Markdown", 0, 0, 22, 0, 0, 0, 0, 0, 0, 22
"/Users/mateuszwrobel/Documents/Sem4/cpp/projekt/build/_deps/raylib-src/examples/models/resources/shaders/glsl100/cubemap.fs", "F#", 0, 0, 0, 0, 0, 17, 0, 5, 8, 30
"/Users/mateuszwrobel/Documents/Sem4/cpp/projekt/build/_deps/raylib-src/examples/models/resources/shaders/glsl100/skinning.fs", "F#", 0, 0, 0, 0, 0, 11, 0, 4, 6, 21
"/Users/mateuszwrobel/Documents/Sem4/cpp/projekt/build/_deps/raylib-src/examples/models/resources/shaders/glsl100/skybox.fs", "F#", 0, 0, 0, 0, 0, 19, 0, 4, 9, 32
"/Users/mateuszwrobel/Documents/Sem4/cpp/projekt/build/_deps/raylib-src/examples/models/resources/shaders/glsl100/voxel_lighting.fs", "F#", 0, 0, 0, 0, 0, 48, 0, 2, 16, 66
"/Users/mateuszwrobel/Documents/Sem4/cpp/projekt/build/_deps/raylib-src/examples/models/resources/shaders/glsl120/cubemap.fs", "F#", 0, 0, 0, 0, 0, 16, 0, 5, 7, 28
"/Users/mateuszwrobel/Documents/Sem4/cpp/projekt/build/_deps/raylib-src/examples/models/resources/shaders/glsl120/skinning.fs", "F#", 0, 0, 0, 0, 0, 10, 0, 4, 5, 19
"/Users/mateuszwrobel/Documents/Sem4/cpp/projekt/build/_deps/raylib-src/examples/models/resources/shaders/glsl120/skybox.fs", "F#", 0, 0, 0, 0, 0, 18, 0, 4, 8, 30
"/Users/mateuszwrobel/Documents/Sem4/cpp/projekt/build/_deps/raylib-src/examples/models/resources/shaders/glsl120/voxel_lighting.fs", "F#", 0, 0, 0, 0, 0, 47, 0, 2, 14, 63
"/Users/mateuszwrobel/Documents/Sem4/cpp/projekt/build/_deps/raylib-src/examples/models/resources/shaders/glsl330/cubemap.fs", "F#", 0, 0, 0, 0, 0, 17, 0, 6, 8, 31
"/Users/mateuszwrobel/Documents/Sem4/cpp/projekt/build/_deps/raylib-src/examples/models/resources/shaders/glsl330/skinning.fs", "F#", 0, 0, 0, 0, 0, 11, 0, 2, 5, 18
"/Users/mateuszwrobel/Documents/Sem4/cpp/projekt/build/_deps/raylib-src/examples/models/resources/shaders/glsl330/skybox.fs", "F#", 0, 0, 0, 0, 0, 18, 0, 5, 8, 31
"/Users/mateuszwrobel/Documents/Sem4/cpp/projekt/build/_deps/raylib-src/examples/models/resources/shaders/glsl330/voxel_lighting.fs", "F#", 0, 0, 0, 0, 0, 49, 0, 11, 17, 77
"/Users/mateuszwrobel/Documents/Sem4/cpp/projekt/build/_deps/raylib-src/examples/models/rlights.h", "C++", 66, 0, 0, 0, 0, 0, 0, 74, 30, 170
"/Users/mateuszwrobel/Documents/Sem4/cpp/projekt/build/_deps/raylib-src/examples/others/embedded_files_loading.c", "C", 0, 0, 0, 0, 42, 0, 0, 46, 22, 110
"/Users/mateuszwrobel/Documents/Sem4/cpp/projekt/build/_deps/raylib-src/examples/others/external/include/GLFW/glfw3.h", "C++", 597, 0, 0, 0, 0, 0, 0, 5068, 248, 5913
"/Users/mateuszwrobel/Documents/Sem4/cpp/projekt/build/_deps/raylib-src/examples/others/external/include/GLFW/glfw3native.h", "C++", 93, 0, 0, 0, 0, 0, 0, 495, 41, 629
"/Users/mateuszwrobel/Documents/Sem4/cpp/projekt/build/_deps/raylib-src/examples/others/external/include/glad.h", "C++", 5393, 0, 0, 0, 0, 0, 0, 32, 42, 5467
"/Users/mateuszwrobel/Documents/Sem4/cpp/projekt/build/_deps/raylib-src/examples/others/external/include/glad_gles2.h", "C++", 4464, 0, 0, 0, 0, 0, 0, 196, 115, 4775
"/Users/mateuszwrobel/Documents/Sem4/cpp/projekt/build/_deps/raylib-src/examples/others/raylib_opengl_interop.c", "C", 0, 0, 0, 0, 86, 0, 0, 55, 32, 173
"/Users/mateuszwrobel/Documents/Sem4/cpp/projekt/build/_deps/raylib-src/examples/others/resources/audio_data.h", "C++", 4879, 0, 0, 0, 0, 0, 0, 11, 4, 4894
"/Users/mateuszwrobel/Documents/Sem4/cpp/projekt/build/_deps/raylib-src/examples/others/resources/image_data.h", "C++", 9835, 0, 0, 0, 0, 0, 0, 11, 3, 9849
"/Users/mateuszwrobel/Documents/Sem4/cpp/projekt/build/_deps/raylib-src/examples/others/resources/shaders/glsl100/point_particle.fs", "F#", 0, 0, 0, 0, 0, 7, 0, 5, 4, 16
"/Users/mateuszwrobel/Documents/Sem4/cpp/projekt/build/_deps/raylib-src/examples/others/resources/shaders/glsl120/point_particle.fs", "F#", 0, 0, 0, 0, 0, 6, 0, 5, 3, 14
"/Users/mateuszwrobel/Documents/Sem4/cpp/projekt/build/_deps/raylib-src/examples/others/resources/shaders/glsl330/point_particle.fs", "F#", 0, 0, 0, 0, 0, 7, 0, 6, 4, 17
"/Users/mateuszwrobel/Documents/Sem4/cpp/projekt/build/_deps/raylib-src/examples/others/rlgl_standalone.c", "C", 0, 0, 0, 0, 242, 0, 0, 146, 85, 473
"/Users/mateuszwrobel/Documents/Sem4/cpp/projekt/build/_deps/raylib-src/examples/raylib_compile_execute.bat", "Batch", 0, 0, 0, 11, 0, 0, 0, 21, 1, 33
"/Users/mateuszwrobel/Documents/Sem4/cpp/projekt/build/_deps/raylib-src/examples/raylib_makefile_example.bat", "Batch", 0, 0, 0, 11, 0, 0, 0, 16, 1, 28
"/Users/mateuszwrobel/Documents/Sem4/cpp/projekt/build/_deps/raylib-src/examples/shaders/raygui.h", "C++", 3946, 0, 0, 0, 0, 0, 0, 1228, 878, 6052
"/Users/mateuszwrobel/Documents/Sem4/cpp/projekt/build/_deps/raylib-src/examples/shaders/resources/LICENSE.md", "Markdown", 0, 0, 16, 0, 0, 0, 0, 0, 0, 16
"/Users/mateuszwrobel/Documents/Sem4/cpp/projekt/build/_deps/raylib-src/examples/shaders/resources/shaders/glsl100/ascii.fs", "F#", 0, 0, 0, 0, 0, 45, 0, 13, 22, 80
"/Users/mateuszwrobel/Documents/Sem4/cpp/projekt/build/_deps/raylib-src/examples/shaders/resources/shaders/glsl100/base.fs", "F#", 0, 0, 0, 0, 0, 11, 0, 5, 7, 23
"/Users/mateuszwrobel/Documents/Sem4/cpp/projekt/build/_deps/raylib-src/examples/shaders/resources/shaders/glsl100/bloom.fs", "F#", 0, 0, 0, 0, 0, 24, 0, 5, 10, 39
"/Users/mateuszwrobel/Documents/Sem4/cpp/projekt/build/_deps/raylib-src/examples/shaders/resources/shaders/glsl100/blur.fs", "F#", 0, 0, 0, 0, 0, 19, 0, 5, 10, 34
"/Users/mateuszwrobel/Documents/Sem4/cpp/projekt/build/_deps/raylib-src/examples/shaders/resources/shaders/glsl100/cel.fs", "F#", 0, 0, 0, 0, 0, 45, 0, 3, 10, 58
"/Users/mateuszwrobel/Documents/Sem4/cpp/projekt/build/_deps/raylib-src/examples/shaders/resources/shaders/glsl100/color_correction.fs", "F#", 0, 0, 0, 0, 0, 18, 0, 7, 10, 35
"/Users/mateuszwrobel/Documents/Sem4/cpp/projekt/build/_deps/raylib-src/examples/shaders/resources/shaders/glsl100/color_mix.fs", "F#", 0, 0, 0, 0, 0, 16, 0, 3, 8, 27
"/Users/mateuszwrobel/Documents/Sem4/cpp/projekt/build/_deps/raylib-src/examples/shaders/resources/shaders/glsl100/cross_hatching.fs", "F#", 0, 0, 0, 0, 0, 33, 0, 3, 11, 47
"/Users/mateuszwrobel/Documents/Sem4/cpp/projekt/build/_deps/raylib-src/examples/shaders/resources/shaders/glsl100/cross_stitching.fs", "F#", 0, 0, 0, 0, 0, 39, 0, 4, 14, 57
"/Users/mateuszwrobel/Documents/Sem4/cpp/projekt/build/_deps/raylib-src/examples/shaders/resources/shaders/glsl100/cubes_panning.fs", "F#", 0, 0, 0, 0, 0, 42, 0, 3, 15, 60
"/Users/mateuszwrobel/Documents/Sem4/cpp/projekt/build/_deps/raylib-src/examples/shaders/resources/shaders/glsl100/deferred_shading.fs", "F#", 0, 0, 0, 0, 0, 43, 0, 3, 14, 60
"/Users/mateuszwrobel/Documents/Sem4/cpp/projekt/build/_deps/raylib-src/examples/shaders/resources/shaders/glsl100/depth_render.fs", "F#", 0, 0, 0, 0, 0, 15, 0, 6, 9, 30
"/Users/mateuszwrobel/Documents/Sem4/cpp/projekt/build/_deps/raylib-src/examples/shaders/resources/shaders/glsl100/depth_write.fs", "F#", 0, 0, 0, 0, 0, 13, 0, 2, 6, 21
"/Users/mateuszwrobel/Documents/Sem4/cpp/projekt/build/_deps/raylib-src/examples/shaders/resources/shaders/glsl100/distortion.fs", "F#", 0, 0, 0, 0, 0, 33, 0, 10, 12, 55
"/Users/mateuszwrobel/Documents/Sem4/cpp/projekt/build/_deps/raylib-src/examples/shaders/resources/shaders/glsl100/dream_vision.fs", "F#", 0, 0, 0, 0, 0, 25, 0, 3, 9, 37
"/Users/mateuszwrobel/Documents/Sem4/cpp/projekt/build/_deps/raylib-src/examples/shaders/resources/shaders/glsl100/eratosthenes.fs", "F#", 0, 0, 0, 0, 0, 39, 0, 8, 14, 61
"/Users/mateuszwrobel/Documents/Sem4/cpp/projekt/build/_deps/raylib-src/examples/shaders/resources/shaders/glsl100/fisheye.fs", "F#", 0, 0, 0, 0, 0, 30, 0, 3, 10, 43
"/Users/mateuszwrobel/Documents/Sem4/cpp/projekt/build/_deps/raylib-src/examples/shaders/resources/shaders/glsl100/fog.fs", "F#", 0, 0, 0, 0, 0, 57, 0, 15, 23, 95
"/Users/mateuszwrobel/Documents/Sem4/cpp/projekt/build/_deps/raylib-src/examples/shaders/resources/shaders/glsl100/game_of_life.fs", "F#", 0, 0, 0, 0, 0, 25, 0, 9, 11, 45
"/Users/mateuszwrobel/Documents/Sem4/cpp/projekt/build/_deps/raylib-src/examples/shaders/resources/shaders/glsl100/gbuffer.fs", "F#", 0, 0, 0, 0, 0, 13, 0, 15, 9, 37
"/Users/mateuszwrobel/Documents/Sem4/cpp/projekt/build/_deps/raylib-src/examples/shaders/resources/shaders/glsl100/grayscale.fs", "F#", 0, 0, 0, 0, 0, 12, 0, 6, 7, 25
"/Users/mateuszwrobel/Documents/Sem4/cpp/projekt/build/_deps/raylib-src/examples/shaders/resources/shaders/glsl100/hybrid_raster.fs", "F#", 0, 0, 0, 0, 0, 13, 0, 0, 6, 19
"/Users/mateuszwrobel/Documents/Sem4/cpp/projekt/build/_deps/raylib-src/examples/shaders/resources/shaders/glsl100/hybrid_raymarch.fs", "F#", 0, 0, 0, 0, 0, 217, 0, 33, 45, 295
"/Users/mateuszwrobel/Documents/Sem4/cpp/projekt/build/_deps/raylib-src/examples/shaders/resources/shaders/glsl100/julia_set.fs", "F#", 0, 0, 0, 0, 0, 53, 0, 12, 18, 83
"/Users/mateuszwrobel/Documents/Sem4/cpp/projekt/build/_deps/raylib-src/examples/shaders/resources/shaders/glsl100/lighting.fs", "F#", 0, 0, 0, 0, 0, 53, 0, 7, 18, 78
"/Users/mateuszwrobel/Documents/Sem4/cpp/projekt/build/_deps/raylib-src/examples/shaders/resources/shaders/glsl100/lightmap.fs", "F#", 0, 0, 0, 0, 0, 14, 0, 3, 6, 23
"/Users/mateuszwrobel/Documents/Sem4/cpp/projekt/build/_deps/raylib-src/examples/shaders/resources/shaders/glsl100/mandelbrot_set.fs", "F#", 0, 0, 0, 0, 0, 41, 0, 9, 13, 63
"/Users/mateuszwrobel/Documents/Sem4/cpp/projekt/build/_deps/raylib-src/examples/shaders/resources/shaders/glsl100/mask.fs", "F#", 0, 0, 0, 0, 0, 15, 0, 3, 7, 25
"/Users/mateuszwrobel/Documents/Sem4/cpp/projekt/build/_deps/raylib-src/examples/shaders/resources/shaders/glsl100/normalmap.fs", "F#", 0, 0, 0, 0, 0, 42, 0, 6, 17, 65
"/Users/mateuszwrobel/Documents/Sem4/cpp/projekt/build/_deps/raylib-src/examples/shaders/resources/shaders/glsl100/outline.fs", "F#", 0, 0, 0, 0, 0, 24, 0, 3, 7, 34
"/Users/mateuszwrobel/Documents/Sem4/cpp/projekt/build/_deps/raylib-src/examples/shaders/resources/shaders/glsl100/outline_hull.fs", "F#", 0, 0, 0, 0, 0, 6, 0, 0, 2, 8
"/Users/mateuszwrobel/Documents/Sem4/cpp/projekt/build/_deps/raylib-src/examples/shaders/resources/shaders/glsl100/palette_switch.fs", "F#", 0, 0, 0, 0, 0, 22, 0, 11, 11, 44
"/Users/mateuszwrobel/Documents/Sem4/cpp/projekt/build/_deps/raylib-src/examples/shaders/resources/shaders/glsl100/pbr.fs", "F#", 0, 0, 0, 0, 0, 117, 0, 13, 32, 162
"/Users/mateuszwrobel/Documents/Sem4/cpp/projekt/build/_deps/raylib-src/examples/shaders/resources/shaders/glsl100/pixelizer.fs", "F#", 0, 0, 0, 0, 0, 18, 0, 4, 10, 32
"/Users/mateuszwrobel/Documents/Sem4/cpp/projekt/build/_deps/raylib-src/examples/shaders/resources/shaders/glsl100/posterization.fs", "F#", 0, 0, 0, 0, 0, 18, 0, 3, 8, 29
"/Users/mateuszwrobel/Documents/Sem4/cpp/projekt/build/_deps/raylib-src/examples/shaders/resources/shaders/glsl100/predator.fs", "F#", 0, 0, 0, 0, 0, 19, 0, 3, 9, 31
"/Users/mateuszwrobel/Documents/Sem4/cpp/projekt/build/_deps/raylib-src/examples/shaders/resources/shaders/glsl100/raymarching.fs", "F#", 0, 0, 0, 0, 0, 323, 0, 42, 67, 432
"/Users/mateuszwrobel/Documents/Sem4/cpp/projekt/build/_deps/raylib-src/examples/shaders/resources/shaders/glsl100/reload.fs", "F#", 0, 0, 0, 0, 0, 25, 0, 6, 9, 40
"/Users/mateuszwrobel/Documents/Sem4/cpp/projekt/build/_deps/raylib-src/examples/shaders/resources/shaders/glsl100/rounded_rectangle.fs", "F#", 0, 0, 0, 0, 0, 41, 0, 18, 17, 76
"/Users/mateuszwrobel/Documents/Sem4/cpp/projekt/build/_deps/raylib-src/examples/shaders/resources/shaders/glsl100/scanlines.fs", "F#", 0, 0, 0, 0, 0, 27, 0, 5, 12, 44
"/Users/mateuszwrobel/Documents/Sem4/cpp/projekt/build/_deps/raylib-src/examples/shaders/resources/shaders/glsl100/shadowmap.fs", "F#", 0, 0, 0, 0, 0, 50, 0, 18, 19, 87
"/Users/mateuszwrobel/Documents/Sem4/cpp/projekt/build/_deps/raylib-src/examples/shaders/resources/shaders/glsl100/sobel.fs", "F#", 0, 0, 0, 0, 0, 28, 0, 3, 9, 40
"/Users/mateuszwrobel/Documents/Sem4/cpp/projekt/build/_deps/raylib-src/examples/shaders/resources/shaders/glsl100/spotlight.fs", "F#", 0, 0, 0, 0, 0, 58, 0, 7, 13, 78
"/Users/mateuszwrobel/Documents/Sem4/cpp/projekt/build/_deps/raylib-src/examples/shaders/resources/shaders/glsl100/swirl.fs", "F#", 0, 0, 0, 0, 0, 29, 0, 4, 14, 47
"/Users/mateuszwrobel/Documents/Sem4/cpp/projekt/build/_deps/raylib-src/examples/shaders/resources/shaders/glsl100/tiling.fs", "F#", 0, 0, 0, 0, 0, 12, 0, 3, 7, 22
"/Users/mateuszwrobel/Documents/Sem4/cpp/projekt/build/_deps/raylib-src/examples/shaders/resources/shaders/glsl100/vertex_displacement.fs", "F#", 0, 0, 0, 0, 0, 11, 0, 2, 4, 17
"/Users/mateuszwrobel/Documents/Sem4/cpp/projekt/build/_deps/raylib-src/examples/shaders/resources/shaders/glsl100/wave.fs", "F#", 0, 0, 0, 0, 0, 26, 0, 2, 8, 36
"/Users/mateuszwrobel/Documents/Sem4/cpp/projekt/build/_deps/raylib-src/examples/shaders/resources/shaders/glsl120/ascii.fs", "F#", 0, 0, 0, 0, 0, 44, 0, 13, 21, 78
"/Users/mateuszwrobel/Documents/Sem4/cpp/projekt/build/_deps/raylib-src/examples/shaders/resources/shaders/glsl120/base.fs", "F#", 0, 0, 0, 0, 0, 11, 0, 5, 6, 22
"/Users/mateuszwrobel/Documents/Sem4/cpp/projekt/build/_deps/raylib-src/examples/shaders/resources/shaders/glsl120/bloom.fs", "F#", 0, 0, 0, 0, 0, 23, 0, 5, 9, 37
"/Users/mateuszwrobel/Documents/Sem4/cpp/projekt/build/_deps/raylib-src/examples/shaders/resources/shaders/glsl120/blur.fs", "F#", 0, 0, 0, 0, 0, 18, 0, 5, 9, 32
"/Users/mateuszwrobel/Documents/Sem4/cpp/projekt/build/_deps/raylib-src/examples/shaders/resources/shaders/glsl120/cel.fs", "F#", 0, 0, 0, 0, 0, 44, 0, 3, 9, 56
"/Users/mateuszwrobel/Documents/Sem4/cpp/projekt/build/_deps/raylib-src/examples/shaders/resources/shaders/glsl120/color_correction.fs", "F#", 0, 0, 0, 0, 0, 17, 0, 6, 8, 31
"/Users/mateuszwrobel/Documents/Sem4/cpp/projekt/build/_deps/raylib-src/examples/shaders/resources/shaders/glsl120/color_mix.fs", "F#", 0, 0, 0, 0, 0, 15, 0, 3, 7, 25
"/Users/mateuszwrobel/Documents/Sem4/cpp/projekt/build/_deps/raylib-src/examples/shaders/resources/shaders/glsl120/cross_hatching.fs", "F#", 0, 0, 0, 0, 0, 32, 0, 3, 10, 45
"/Users/mateuszwrobel/Documents/Sem4/cpp/projekt/build/_deps/raylib-src/examples/shaders/resources/shaders/glsl120/cross_stitching.fs", "F#", 0, 0, 0, 0, 0, 38, 0, 4, 13, 55
"/Users/mateuszwrobel/Documents/Sem4/cpp/projekt/build/_deps/raylib-src/examples/shaders/resources/shaders/glsl120/cubes_panning.fs", "F#", 0, 0, 0, 0, 0, 41, 0, 3, 14, 58
"/Users/mateuszwrobel/Documents/Sem4/cpp/projekt/build/_deps/raylib-src/examples/shaders/resources/shaders/glsl120/deferred_shading.fs", "F#", 0, 0, 0, 0, 0, 42, 0, 3, 13, 58
"/Users/mateuszwrobel/Documents/Sem4/cpp/projekt/build/_deps/raylib-src/examples/shaders/resources/shaders/glsl120/depth_render.fs", "F#", 0, 0, 0, 0, 0, 15, 0, 6, 7, 28
"/Users/mateuszwrobel/Documents/Sem4/cpp/projekt/build/_deps/raylib-src/examples/shaders/resources/shaders/glsl120/depth_write.fs", "F#", 0, 0, 0, 0, 0, 12, 0, 0, 5, 17
"/Users/mateuszwrobel/Documents/Sem4/cpp/projekt/build/_deps/raylib-src/examples/shaders/resources/shaders/glsl120/distortion.fs", "F#", 0, 0, 0, 0, 0, 32, 0, 10, 11, 53
"/Users/mateuszwrobel/Documents/Sem4/cpp/projekt/build/_deps/raylib-src/examples/shaders/resources/shaders/glsl120/dream_vision.fs", "F#", 0, 0, 0, 0, 0, 24, 0, 3, 8, 35
"/Users/mateuszwrobel/Documents/Sem4/cpp/projekt/build/_deps/raylib-src/examples/shaders/resources/shaders/glsl120/eratosthenes.fs", "F#", 0, 0, 0, 0, 0, 38, 0, 8, 13, 59
"/Users/mateuszwrobel/Documents/Sem4/cpp/projekt/build/_deps/raylib-src/examples/shaders/resources/shaders/glsl120/fisheye.fs", "F#", 0, 0, 0, 0, 0, 29, 0, 3, 9, 41
"/Users/mateuszwrobel/Documents/Sem4/cpp/projekt/build/_deps/raylib-src/examples/shaders/resources/shaders/glsl120/fog.fs", "F#", 0, 0, 0, 0, 0, 56, 0, 15, 22, 93
"/Users/mateuszwrobel/Documents/Sem4/cpp/projekt/build/_deps/raylib-src/examples/shaders/resources/shaders/glsl120/game_of_life.fs", "F#", 0, 0, 0, 0, 0, 24, 0, 9, 10, 43
"/Users/mateuszwrobel/Documents/Sem4/cpp/projekt/build/_deps/raylib-src/examples/shaders/resources/shaders/glsl120/gbuffer.fs", "F#", 0, 0, 0, 0, 0, 12, 0, 15, 8, 35
"/Users/mateuszwrobel/Documents/Sem4/cpp/projekt/build/_deps/raylib-src/examples/shaders/resources/shaders/glsl120/grayscale.fs", "F#", 0, 0, 0, 0, 0, 11, 0, 6, 6, 23
"/Users/mateuszwrobel/Documents/Sem4/cpp/projekt/build/_deps/raylib-src/examples/shaders/resources/shaders/glsl120/hybrid_raster.fs", "F#", 0, 0, 0, 0, 0, 12, 0, 0, 5, 17
"/Users/mateuszwrobel/Documents/Sem4/cpp/projekt/build/_deps/raylib-src/examples/shaders/resources/shaders/glsl120/hybrid_raymarch.fs", "F#", 0, 0, 0, 0, 0, 215, 0, 33, 43, 291
"/Users/mateuszwrobel/Documents/Sem4/cpp/projekt/build/_deps/raylib-src/examples/shaders/resources/shaders/glsl120/julia_set.fs", "F#", 0, 0, 0, 0, 0, 52, 0, 12, 17, 81
"/Users/mateuszwrobel/Documents/Sem4/cpp/projekt/build/_deps/raylib-src/examples/shaders/resources/shaders/glsl120/lighting.fs", "F#", 0, 0, 0, 0, 0, 52, 0, 7, 16, 75
"/Users/mateuszwrobel/Documents/Sem4/cpp/projekt/build/_deps/raylib-src/examples/shaders/resources/shaders/glsl120/lightmap.fs", "F#", 0, 0, 0, 0, 0, 13, 0, 3, 5, 21
"/Users/mateuszwrobel/Documents/Sem4/cpp/projekt/build/_deps/raylib-src/examples/shaders/resources/shaders/glsl120/mandelbrot_set.fs", "F#", 0, 0, 0, 0, 0, 40, 0, 8, 12, 60
"/Users/mateuszwrobel/Documents/Sem4/cpp/projekt/build/_deps/raylib-src/examples/shaders/resources/shaders/glsl120/mask.fs", "F#", 0, 0, 0, 0, 0, 14, 0, 3, 6, 23
"/Users/mateuszwrobel/Documents/Sem4/cpp/projekt/build/_deps/raylib-src/examples/shaders/resources/shaders/glsl120/normalmap.fs", "F#", 0, 0, 0, 0, 0, 41, 0, 6, 16, 63
"/Users/mateuszwrobel/Documents/Sem4/cpp/projekt/build/_deps/raylib-src/examples/shaders/resources/shaders/glsl120/outline.fs", "F#", 0, 0, 0, 0, 0, 23, 0, 3, 6, 32
"/Users/mateuszwrobel/Documents/Sem4/cpp/projekt/build/_deps/raylib-src/examples/shaders/resources/shaders/glsl120/outline_hull.fs", "F#", 0, 0, 0, 0, 0, 5, 0, 0, 2, 7
"/Users/mateuszwrobel/Documents/Sem4/cpp/projekt/build/_deps/raylib-src/examples/shaders/resources/shaders/glsl120/palette_switch.fs", "F#", 0, 0, 0, 0, 0, 13, 0, 8, 7, 28
"/Users/mateuszwrobel/Documents/Sem4/cpp/projekt/build/_deps/raylib-src/examples/shaders/resources/shaders/glsl120/pbr.fs", "F#", 0, 0, 0, 0, 0, 116, 0, 13, 31, 160
"/Users/mateuszwrobel/Documents/Sem4/cpp/projekt/build/_deps/raylib-src/examples/shaders/resources/shaders/glsl120/pixelizer.fs", "F#", 0, 0, 0, 0, 0, 17, 0, 4, 9, 30
"/Users/mateuszwrobel/Documents/Sem4/cpp/projekt/build/_deps/raylib-src/examples/shaders/resources/shaders/glsl120/posterization.fs", "F#", 0, 0, 0, 0, 0, 17, 0, 3, 7, 27
"/Users/mateuszwrobel/Documents/Sem4/cpp/projekt/build/_deps/raylib-src/examples/shaders/resources/shaders/glsl120/predator.fs", "F#", 0, 0, 0, 0, 0, 18, 0, 3, 8, 29
"/Users/mateuszwrobel/Documents/Sem4/cpp/projekt/build/_deps/raylib-src/examples/shaders/resources/shaders/glsl120/raymarching.fs", "F#", 0, 0, 0, 0, 0, 321, 0, 42, 65, 428
"/Users/mateuszwrobel/Documents/Sem4/cpp/projekt/build/_deps/raylib-src/examples/shaders/resources/shaders/glsl120/reload.fs", "F#", 0, 0, 0, 0, 0, 24, 0, 6, 8, 38
"/Users/mateuszwrobel/Documents/Sem4/cpp/projekt/build/_deps/raylib-src/examples/shaders/resources/shaders/glsl120/rounded_rectangle.fs", "F#", 0, 0, 0, 0, 0, 40, 0, 18, 16, 74
"/Users/mateuszwrobel/Documents/Sem4/cpp/projekt/build/_deps/raylib-src/examples/shaders/resources/shaders/glsl120/scanlines.fs", "F#", 0, 0, 0, 0, 0, 26, 0, 5, 11, 42
"/Users/mateuszwrobel/Documents/Sem4/cpp/projekt/build/_deps/raylib-src/examples/shaders/resources/shaders/glsl120/shadowmap.fs", "F#", 0, 0, 0, 0, 0, 49, 0, 18, 18, 85
"/Users/mateuszwrobel/Documents/Sem4/cpp/projekt/build/_deps/raylib-src/examples/shaders/resources/shaders/glsl120/sobel.fs", "F#", 0, 0, 0, 0, 0, 27, 0, 3, 8, 38
"/Users/mateuszwrobel/Documents/Sem4/cpp/projekt/build/_deps/raylib-src/examples/shaders/resources/shaders/glsl120/spotlight.fs", "F#", 0, 0, 0, 0, 0, 57, 0, 7, 12, 76
"/Users/mateuszwrobel/Documents/Sem4/cpp/projekt/build/_deps/raylib-src/examples/shaders/resources/shaders/glsl120/swirl.fs", "F#", 0, 0, 0, 0, 0, 28, 0, 4, 12, 44
"/Users/mateuszwrobel/Documents/Sem4/cpp/projekt/build/_deps/raylib-src/examples/shaders/resources/shaders/glsl120/tiling.fs", "F#", 0, 0, 0, 0, 0, 11, 0, 3, 6, 20
"/Users/mateuszwrobel/Documents/Sem4/cpp/projekt/build/_deps/raylib-src/examples/shaders/resources/shaders/glsl120/vertex_displacement.fs", "F#", 0, 0, 0, 0, 0, 10, 0, 2, 3, 15
"/Users/mateuszwrobel/Documents/Sem4/cpp/projekt/build/_deps/raylib-src/examples/shaders/resources/shaders/glsl120/wave.fs", "F#", 0, 0, 0, 0, 0, 25, 0, 2, 7, 34
"/Users/mateuszwrobel/Documents/Sem4/cpp/projekt/build/_deps/raylib-src/examples/shaders/resources/shaders/glsl330/ascii.fs", "F#", 0, 0, 0, 0, 0, 43, 0, 11, 19, 73
"/Users/mateuszwrobel/Documents/Sem4/cpp/projekt/build/_deps/raylib-src/examples/shaders/resources/shaders/glsl330/base.fs", "F#", 0, 0, 0, 0, 0, 11, 0, 9, 9, 29
"/Users/mateuszwrobel/Documents/Sem4/cpp/projekt/build/_deps/raylib-src/examples/shaders/resources/shaders/glsl330/bloom.fs", "F#", 0, 0, 0, 0, 0, 24, 0, 6, 10, 40
"/Users/mateuszwrobel/Documents/Sem4/cpp/projekt/build/_deps/raylib-src/examples/shaders/resources/shaders/glsl330/blur.fs", "F#", 0, 0, 0, 0, 0, 20, 0, 6, 9, 35
"/Users/mateuszwrobel/Documents/Sem4/cpp/projekt/build/_deps/raylib-src/examples/shaders/resources/shaders/glsl330/cel.fs", "F#", 0, 0, 0, 0, 0, 39, 0, 8, 14, 61
"/Users/mateuszwrobel/Documents/Sem4/cpp/projekt/build/_deps/raylib-src/examples/shaders/resources/shaders/glsl330/color_correction.fs", "F#", 0, 0, 0, 0, 0, 18, 0, 7, 9, 34
"/Users/mateuszwrobel/Documents/Sem4/cpp/projekt/build/_deps/raylib-src/examples/shaders/resources/shaders/glsl330/color_mix.fs", "F#", 0, 0, 0, 0, 0, 17, 0, 3, 7, 27
"/Users/mateuszwrobel/Documents/Sem4/cpp/projekt/build/_deps/raylib-src/examples/shaders/resources/shaders/glsl330/cross_hatching.fs", "F#", 0, 0, 0, 0, 0, 33, 0, 4, 11, 48
"/Users/mateuszwrobel/Documents/Sem4/cpp/projekt/build/_deps/raylib-src/examples/shaders/resources/shaders/glsl330/cross_stitching.fs", "F#", 0, 0, 0, 0, 0, 39, 0, 5, 15, 59
"/Users/mateuszwrobel/Documents/Sem4/cpp/projekt/build/_deps/raylib-src/examples/shaders/resources/shaders/glsl330/cubes_panning.fs", "F#", 0, 0, 0, 0, 0, 42, 0, 4, 15, 61
"/Users/mateuszwrobel/Documents/Sem4/cpp/projekt/build/_deps/raylib-src/examples/shaders/resources/shaders/glsl330/deferred_shading.fs", "F#", 0, 0, 0, 0, 0, 43, 0, 1, 13, 57
"/Users/mateuszwrobel/Documents/Sem4/cpp/projekt/build/_deps/raylib-src/examples/shaders/resources/shaders/glsl330/depth_render.fs", "F#", 0, 0, 0, 0, 0, 15, 0, 7, 8, 30
"/Users/mateuszwrobel/Documents/Sem4/cpp/projekt/build/_deps/raylib-src/examples/shaders/resources/shaders/glsl330/depth_write.fs", "F#", 0, 0, 0, 0, 0, 12, 0, 3, 6, 21
"/Users/mateuszwrobel/Documents/Sem4/cpp/projekt/build/_deps/raylib-src/examples/shaders/resources/shaders/glsl330/distortion.fs", "F#", 0, 0, 0, 0, 0, 33, 0, 11, 13, 57
"/Users/mateuszwrobel/Documents/Sem4/cpp/projekt/build/_deps/raylib-src/examples/shaders/resources/shaders/glsl330/dream_vision.fs", "F#", 0, 0, 0, 0, 0, 24, 0, 1, 9, 34
"/Users/mateuszwrobel/Documents/Sem4/cpp/projekt/build/_deps/raylib-src/examples/shaders/resources/shaders/glsl330/eratosthenes.fs", "F#", 0, 0, 0, 0, 0, 41, 0, 4, 15, 60
"/Users/mateuszwrobel/Documents/Sem4/cpp/projekt/build/_deps/raylib-src/examples/shaders/resources/shaders/glsl330/fisheye.fs", "F#", 0, 0, 0, 0, 0, 29, 0, 1, 10, 40
"/Users/mateuszwrobel/Documents/Sem4/cpp/projekt/build/_deps/raylib-src/examples/shaders/resources/shaders/glsl330/fog.fs", "F#", 0, 0, 0, 0, 0, 57, 0, 14, 22, 93
"/Users/mateuszwrobel/Documents/Sem4/cpp/projekt/build/_deps/raylib-src/examples/shaders/resources/shaders/glsl330/game_of_life.fs", "F#", 0, 0, 0, 0, 0, 25, 0, 10, 11, 46
"/Users/mateuszwrobel/Documents/Sem4/cpp/projekt/build/_deps/raylib-src/examples/shaders/resources/shaders/glsl330/gbuffer.fs", "F#", 0, 0, 0, 0, 0, 16, 0, 4, 4, 24
"/Users/mateuszwrobel/Documents/Sem4/cpp/projekt/build/_deps/raylib-src/examples/shaders/resources/shaders/glsl330/grayscale.fs", "F#", 0, 0, 0, 0, 0, 12, 0, 7, 7, 26
"/Users/mateuszwrobel/Documents/Sem4/cpp/projekt/build/_deps/raylib-src/examples/shaders/resources/shaders/glsl330/hybrid_raster.fs", "F#", 0, 0, 0, 0, 0, 12, 0, 4, 6, 22
"/Users/mateuszwrobel/Documents/Sem4/cpp/projekt/build/_deps/raylib-src/examples/shaders/resources/shaders/glsl330/hybrid_raymarch.fs", "F#", 0, 0, 0, 0, 0, 213, 0, 34, 44, 291
"/Users/mateuszwrobel/Documents/Sem4/cpp/projekt/build/_deps/raylib-src/examples/shaders/resources/shaders/glsl330/julia_set.fs", "F#", 0, 0, 0, 0, 0, 52, 0, 11, 18, 81
"/Users/mateuszwrobel/Documents/Sem4/cpp/projekt/build/_deps/raylib-src/examples/shaders/resources/shaders/glsl330/lighting.fs", "F#", 0, 0, 0, 0, 0, 53, 0, 8, 18, 79
"/Users/mateuszwrobel/Documents/Sem4/cpp/projekt/build/_deps/raylib-src/examples/shaders/resources/shaders/glsl330/lightmap.fs", "F#", 0, 0, 0, 0, 0, 14, 0, 4, 6, 24
"/Users/mateuszwrobel/Documents/Sem4/cpp/projekt/build/_deps/raylib-src/examples/shaders/resources/shaders/glsl330/mandelbrot_set.fs", "F#", 0, 0, 0, 0, 0, 40, 0, 7, 12, 59
"/Users/mateuszwrobel/Documents/Sem4/cpp/projekt/build/_deps/raylib-src/examples/shaders/resources/shaders/glsl330/mask.fs", "F#", 0, 0, 0, 0, 0, 14, 0, 3, 6, 23
"/Users/mateuszwrobel/Documents/Sem4/cpp/projekt/build/_deps/raylib-src/examples/shaders/resources/shaders/glsl330/normalmap.fs", "F#", 0, 0, 0, 0, 0, 43, 0, 7, 18, 68
"/Users/mateuszwrobel/Documents/Sem4/cpp/projekt/build/_deps/raylib-src/examples/shaders/resources/shaders/glsl330/outline.fs", "F#", 0, 0, 0, 0, 0, 24, 0, 4, 7, 35
"/Users/mateuszwrobel/Documents/Sem4/cpp/projekt/build/_deps/raylib-src/examples/shaders/resources/shaders/glsl330/outline_hull.fs", "F#", 0, 0, 0, 0, 0, 5, 0, 0, 3, 8
"/Users/mateuszwrobel/Documents/Sem4/cpp/projekt/build/_deps/raylib-src/examples/shaders/resources/shaders/glsl330/overdraw.fs", "F#", 0, 0, 0, 0, 0, 10, 0, 8, 9, 27
"/Users/mateuszwrobel/Documents/Sem4/cpp/projekt/build/_deps/raylib-src/examples/shaders/resources/shaders/glsl330/palette_switch.fs", "F#", 0, 0, 0, 0, 0, 14, 0, 11, 9, 34
"/Users/mateuszwrobel/Documents/Sem4/cpp/projekt/build/_deps/raylib-src/examples/shaders/resources/shaders/glsl330/pbr.fs", "F#", 0, 0, 0, 0, 0, 117, 0, 14, 31, 162
"/Users/mateuszwrobel/Documents/Sem4/cpp/projekt/build/_deps/raylib-src/examples/shaders/resources/shaders/glsl330/pixelizer.fs", "F#", 0, 0, 0, 0, 0, 18, 0, 5, 10, 33
"/Users/mateuszwrobel/Documents/Sem4/cpp/projekt/build/_deps/raylib-src/examples/shaders/resources/shaders/glsl330/posterization.fs", "F#", 0, 0, 0, 0, 0, 18, 0, 5, 8, 31
"/Users/mateuszwrobel/Documents/Sem4/cpp/projekt/build/_deps/raylib-src/examples/shaders/resources/shaders/glsl330/predator.fs", "F#", 0, 0, 0, 0, 0, 18, 0, 5, 9, 32
"/Users/mateuszwrobel/Documents/Sem4/cpp/projekt/build/_deps/raylib-src/examples/shaders/resources/shaders/glsl330/raymarching.fs", "F#", 0, 0, 0, 0, 0, 322, 0, 43, 66, 431
"/Users/mateuszwrobel/Documents/Sem4/cpp/projekt/build/_deps/raylib-src/examples/shaders/resources/shaders/glsl330/reload.fs", "F#", 0, 0, 0, 0, 0, 25, 0, 7, 9, 41
"/Users/mateuszwrobel/Documents/Sem4/cpp/projekt/build/_deps/raylib-src/examples/shaders/resources/shaders/glsl330/rounded_rectangle.fs", "F#", 0, 0, 0, 0, 0, 41, 0, 19, 17, 77
"/Users/mateuszwrobel/Documents/Sem4/cpp/projekt/build/_deps/raylib-src/examples/shaders/resources/shaders/glsl330/scanlines.fs", "F#", 0, 0, 0, 0, 0, 29, 0, 8, 12, 49
"/Users/mateuszwrobel/Documents/Sem4/cpp/projekt/build/_deps/raylib-src/examples/shaders/resources/shaders/glsl330/shadowmap.fs", "F#", 0, 0, 0, 0, 0, 49, 0, 19, 18, 86
"/Users/mateuszwrobel/Documents/Sem4/cpp/projekt/build/_deps/raylib-src/examples/shaders/resources/shaders/glsl330/sobel.fs", "F#", 0, 0, 0, 0, 0, 28, 0, 4, 9, 41
"/Users/mateuszwrobel/Documents/Sem4/cpp/projekt/build/_deps/raylib-src/examples/shaders/resources/shaders/glsl330/spotlight.fs", "F#", 0, 0, 0, 0, 0, 42, 0, 9, 15, 66
"/Users/mateuszwrobel/Documents/Sem4/cpp/projekt/build/_deps/raylib-src/examples/shaders/resources/shaders/glsl330/swirl.fs", "F#", 0, 0, 0, 0, 0, 29, 0, 5, 13, 47
"/Users/mateuszwrobel/Documents/Sem4/cpp/projekt/build/_deps/raylib-src/examples/shaders/resources/shaders/glsl330/tiling.fs", "F#", 0, 0, 0, 0, 0, 12, 0, 2, 7, 21
"/Users/mateuszwrobel/Documents/Sem4/cpp/projekt/build/_deps/raylib-src/examples/shaders/resources/shaders/glsl330/vertex_displacement.fs", "F#", 0, 0, 0, 0, 0, 10, 0, 3, 3, 16
"/Users/mateuszwrobel/Documents/Sem4/cpp/projekt/build/_deps/raylib-src/examples/shaders/resources/shaders/glsl330/wave.fs", "F#", 0, 0, 0, 0, 0, 26, 0, 3, 10, 39
"/Users/mateuszwrobel/Documents/Sem4/cpp/projekt/build/_deps/raylib-src/examples/shaders/rlights.h", "C++", 66, 0, 0, 0, 0, 0, 0, 74, 30, 170
"/Users/mateuszwrobel/Documents/Sem4/cpp/projekt/build/_deps/raylib-src/examples/shaders/shaders_ascii_rendering.c", "C", 0, 0, 0, 0, 54, 0, 0, 43, 25, 122
"/Users/mateuszwrobel/Documents/Sem4/cpp/projekt/build/_deps/raylib-src/examples/shaders/shaders_basic_lighting.c", "C", 0, 0, 0, 0, 64, 0, 0, 49, 32, 145
"/Users/mateuszwrobel/Documents/Sem4/cpp/projekt/build/_deps/raylib-src/examples/shaders/shaders_basic_pbr.c", "C", 0, 0, 0, 0, 188, 0, 0, 101, 64, 353
"/Users/mateuszwrobel/Documents/Sem4/cpp/projekt/build/_deps/raylib-src/examples/shaders/shaders_cel_shading.c", "C", 0, 0, 0, 0, 90, 0, 0, 47, 39, 176
"/Users/mateuszwrobel/Documents/Sem4/cpp/projekt/build/_deps/raylib-src/examples/shaders/shaders_color_correction.c", "C", 0, 0, 0, 0, 72, 0, 0, 44, 33, 149
"/Users/mateuszwrobel/Documents/Sem4/cpp/projekt/build/_deps/raylib-src/examples/shaders/shaders_custom_uniform.c", "C", 0, 0, 0, 0, 58, 0, 0, 47, 26, 131
"/Users/mateuszwrobel/Documents/Sem4/cpp/projekt/build/_deps/raylib-src/examples/shaders/shaders_deferred_rendering.c", "C", 0, 0, 0, 0, 198, 0, 0, 83, 63, 344
"/Users/mateuszwrobel/Documents/Sem4/cpp/projekt/build/_deps/raylib-src/examples/shaders/shaders_depth_rendering.c", "C", 0, 0, 0, 0, 94, 0, 0, 54, 35, 183
"/Users/mateuszwrobel/Documents/Sem4/cpp/projekt/build/_deps/raylib-src/examples/shaders/shaders_depth_writing.c", "C", 0, 0, 0, 0, 84, 0, 0, 55, 30, 169
"/Users/mateuszwrobel/Documents/Sem4/cpp/projekt/build/_deps/raylib-src/examples/shaders/shaders_eratosthenes_sieve.c", "C", 0, 0, 0, 0, 32, 0, 0, 52, 16, 100
"/Users/mateuszwrobel/Documents/Sem4/cpp/projekt/build/_deps/raylib-src/examples/shaders/shaders_fog_rendering.c", "C", 0, 0, 0, 0, 82, 0, 0, 47, 34, 163
"/Users/mateuszwrobel/Documents/Sem4/cpp/projekt/build/_deps/raylib-src/examples/shaders/shaders_game_of_life.c", "C", 0, 0, 0, 0, 232, 0, 0, 64, 58, 354
"/Users/mateuszwrobel/Documents/Sem4/cpp/projekt/build/_deps/raylib-src/examples/shaders/shaders_hot_reloading.c", "C", 0, 0, 0, 0, 65, 0, 0, 43, 30, 138
"/Users/mateuszwrobel/Documents/Sem4/cpp/projekt/build/_deps/raylib-src/examples/shaders/shaders_hybrid_rendering.c", "C", 0, 0, 0, 0, 107, 0, 0, 67, 41, 215
"/Users/mateuszwrobel/Documents/Sem4/cpp/projekt/build/_deps/raylib-src/examples/shaders/shaders_julia_set.c", "C", 0, 0, 0, 0, 107, 0, 0, 64, 33, 204
"/Users/mateuszwrobel/Documents/Sem4/cpp/projekt/build/_deps/raylib-src/examples/shaders/shaders_lightmap_rendering.c", "C", 0, 0, 0, 0, 99, 0, 0, 45, 33, 177
"/Users/mateuszwrobel/Documents/Sem4/cpp/projekt/build/_deps/raylib-src/examples/shaders/shaders_mandelbrot_set.c", "C", 0, 0, 0, 0, 126, 0, 0, 70, 34, 230
"/Users/mateuszwrobel/Documents/Sem4/cpp/projekt/build/_deps/raylib-src/examples/shaders/shaders_mesh_instancing.c", "C", 0, 0, 0, 0, 64, 0, 0, 51, 33, 148
"/Users/mateuszwrobel/Documents/Sem4/cpp/projekt/build/_deps/raylib-src/examples/shaders/shaders_model_shader.c", "C", 0, 0, 0, 0, 45, 0, 0, 40, 24, 109
"/Users/mateuszwrobel/Documents/Sem4/cpp/projekt/build/_deps/raylib-src/examples/shaders/shaders_multi_sample2d.c", "C", 0, 0, 0, 0, 44, 0, 0, 46, 24, 114
"/Users/mateuszwrobel/Documents/Sem4/cpp/projekt/build/_deps/raylib-src/examples/shaders/shaders_normalmap_rendering.c", "C", 0, 0, 0, 0, 80, 0, 0, 52, 42, 174
"/Users/mateuszwrobel/Documents/Sem4/cpp/projekt/build/_deps/raylib-src/examples/shaders/shaders_palette_switch.c", "C", 0, 0, 0, 0, 81, 0, 0, 51, 26, 158
"/Users/mateuszwrobel/Documents/Sem4/cpp/projekt/build/_deps/raylib-src/examples/shaders/shaders_postprocessing.c", "C", 0, 0, 0, 0, 101, 0, 0, 52, 30, 183
"/Users/mateuszwrobel/Documents/Sem4/cpp/projekt/build/_deps/raylib-src/examples/shaders/shaders_raymarching_rendering.c", "C", 0, 0, 0, 0, 56, 0, 0, 40, 24, 120
"/Users/mateuszwrobel/Documents/Sem4/cpp/projekt/build/_deps/raylib-src/examples/shaders/shaders_rlgl_compute.c", "C", 0, 0, 0, 0, 96, 0, 0, 56, 34, 186
"/Users/mateuszwrobel/Documents/Sem4/cpp/projekt/build/_deps/raylib-src/examples/shaders/shaders_rounded_rectangle.c", "C", 0, 0, 0, 0, 127, 0, 0, 59, 45, 231
"/Users/mateuszwrobel/Documents/Sem4/cpp/projekt/build/_deps/raylib-src/examples/shaders/shaders_shadowmap_rendering.c", "C", 0, 0, 0, 0, 155, 0, 0, 56, 47, 258
"/Users/mateuszwrobel/Documents/Sem4/cpp/projekt/build/_deps/raylib-src/examples/shaders/shaders_shapes_textures.c", "C", 0, 0, 0, 0, 47, 0, 0, 46, 30, 123
"/Users/mateuszwrobel/Documents/Sem4/cpp/projekt/build/_deps/raylib-src/examples/shaders/shaders_simple_mask.c", "C", 0, 0, 0, 0, 70, 0, 0, 50, 33, 153
"/Users/mateuszwrobel/Documents/Sem4/cpp/projekt/build/_deps/raylib-src/examples/shaders/shaders_spotlight_rendering.c", "C", 0, 0, 0, 0, 139, 0, 0, 74, 49, 262
"/Users/mateuszwrobel/Documents/Sem4/cpp/projekt/build/_deps/raylib-src/examples/shaders/shaders_texture_outline.c", "C", 0, 0, 0, 0, 44, 0, 0, 37, 24, 105
"/Users/mateuszwrobel/Documents/Sem4/cpp/projekt/build/_deps/raylib-src/examples/shaders/shaders_texture_rendering.c", "C", 0, 0, 0, 0, 36, 0, 0, 33, 18, 87
"/Users/mateuszwrobel/Documents/Sem4/cpp/projekt/build/_deps/raylib-src/examples/shaders/shaders_texture_tiling.c", "C", 0, 0, 0, 0, 49, 0, 0, 38, 24, 111
"/Users/mateuszwrobel/Documents/Sem4/cpp/projekt/build/_deps/raylib-src/examples/shaders/shaders_texture_waves.c", "C", 0, 0, 0, 0, 53, 0, 0, 42, 23, 118
"/Users/mateuszwrobel/Documents/Sem4/cpp/projekt/build/_deps/raylib-src/examples/shaders/shaders_vertex_displacement.c", "C", 0, 0, 0, 0, 58, 0, 0, 38, 26, 122
"/Users/mateuszwrobel/Documents/Sem4/cpp/projekt/build/_deps/raylib-src/examples/shapes/raygui.h", "C++", 3948, 0, 0, 0, 0, 0, 0, 1228, 878, 6054
"/Users/mateuszwrobel/Documents/Sem4/cpp/projekt/build/_deps/raylib-src/examples/shapes/reasings.h", "C++", 142, 0, 0, 0, 0, 0, 0, 89, 33, 264
"/Users/mateuszwrobel/Documents/Sem4/cpp/projekt/build/_deps/raylib-src/examples/shapes/shapes_ball_physics.c", "C", 0, 0, 0, 0, 155, 0, 0, 55, 38, 248
"/Users/mateuszwrobel/Documents/Sem4/cpp/projekt/build/_deps/raylib-src/examples/shapes/shapes_basic_shapes.c", "C", 0, 0, 0, 0, 37, 0, 0, 36, 18, 91
"/Users/mateuszwrobel/Documents/Sem4/cpp/projekt/build/_deps/raylib-src/examples/shapes/shapes_bouncing_ball.c", "C", 0, 0, 0, 0, 41, 0, 0, 34, 19, 94
"/Users/mateuszwrobel/Documents/Sem4/cpp/projekt/build/_deps/raylib-src/examples/shapes/shapes_bullet_hell.c", "C", 0, 0, 0, 0, 152, 0, 0, 60, 36, 248
"/Users/mateuszwrobel/Documents/Sem4/cpp/projekt/build/_deps/raylib-src/examples/shapes/shapes_circle_sector_drawing.c", "C", 0, 0, 0, 0, 35, 0, 0, 36, 20, 91
"/Users/mateuszwrobel/Documents/Sem4/cpp/projekt/build/_deps/raylib-src/examples/shapes/shapes_clock_of_clocks.c", "C", 0, 0, 0, 0, 122, 0, 0, 46, 37, 205
"/Users/mateuszwrobel/Documents/Sem4/cpp/projekt/build/_deps/raylib-src/examples/shapes/shapes_collision_area.c", "C", 0, 0, 0, 0, 45, 0, 0, 43, 30, 118
"/Users/mateuszwrobel/Documents/Sem4/cpp/projekt/build/_deps/raylib-src/examples/shapes/shapes_colors_palette.c", "C", 0, 0, 0, 0, 54, 0, 0, 31, 21, 106
"/Users/mateuszwrobel/Documents/Sem4/cpp/projekt/build/_deps/raylib-src/examples/shapes/shapes_dashed_line.c", "C", 0, 0, 0, 0, 37, 0, 0, 39, 20, 96
"/Users/mateuszwrobel/Documents/Sem4/cpp/projekt/build/_deps/raylib-src/examples/shapes/shapes_digital_clock.c", "C", 0, 0, 0, 0, 183, 0, 0, 87, 50, 320
"/Users/mateuszwrobel/Documents/Sem4/cpp/projekt/build/_deps/raylib-src/examples/shapes/shapes_double_pendulum.c", "C", 0, 0, 0, 0, 81, 0, 0, 57, 34, 172
"/Users/mateuszwrobel/Documents/Sem4/cpp/projekt/build/_deps/raylib-src/examples/shapes/shapes_easings_ball.c", "C", 0, 0, 0, 0, 66, 0, 0, 32, 19, 117
"/Users/mateuszwrobel/Documents/Sem4/cpp/projekt/build/_deps/raylib-src/examples/shapes/shapes_easings_box.c", "C", 0, 0, 0, 0, 87, 0, 0, 34, 22, 143
"/Users/mateuszwrobel/Documents/Sem4/cpp/projekt/build/_deps/raylib-src/examples/shapes/shapes_easings_rectangles.c", "C", 0, 0, 0, 0, 67, 0, 0, 34, 24, 125
"/Users/mateuszwrobel/Documents/Sem4/cpp/projekt/build/_deps/raylib-src/examples/shapes/shapes_easings_testbed.c", "C", 0, 0, 0, 0, 155, 0, 0, 58, 35, 248
"/Users/mateuszwrobel/Documents/Sem4/cpp/projekt/build/_deps/raylib-src/examples/shapes/shapes_ellipse_collision.c", "C", 0, 0, 0, 0, 65, 0, 0, 37, 32, 134
"/Users/mateuszwrobel/Documents/Sem4/cpp/projekt/build/_deps/raylib-src/examples/shapes/shapes_following_eyes.c", "C", 0, 0, 0, 0, 54, 0, 0, 32, 25, 111
"/Users/mateuszwrobel/Documents/Sem4/cpp/projekt/build/_deps/raylib-src/examples/shapes/shapes_hilbert_curve.c", "C", 0, 0, 0, 0, 116, 0, 0, 49, 32, 197
"/Users/mateuszwrobel/Documents/Sem4/cpp/projekt/build/_deps/raylib-src/examples/shapes/shapes_kaleidoscope.c", "C", 0, 0, 0, 0, 102, 0, 0, 38, 33, 173
"/Users/mateuszwrobel/Documents/Sem4/cpp/projekt/build/_deps/raylib-src/examples/shapes/shapes_lines_bezier.c", "C", 0, 0, 0, 0, 38, 0, 0, 32, 18, 88
"/Users/mateuszwrobel/Documents/Sem4/cpp/projekt/build/_deps/raylib-src/examples/shapes/shapes_lines_drawing.c", "C", 0, 0, 0, 0, 56, 0, 0, 53, 28, 137
"/Users/mateuszwrobel/Documents/Sem4/cpp/projekt/build/_deps/raylib-src/examples/shapes/shapes_logo_raylib.c", "C", 0, 0, 0, 0, 20, 0, 0, 31, 12, 63
"/Users/mateuszwrobel/Documents/Sem4/cpp/projekt/build/_deps/raylib-src/examples/shapes/shapes_logo_raylib_anim.c", "C", 0, 0, 0, 0, 108, 0, 0, 30, 30, 168
"/Users/mateuszwrobel/Documents/Sem4/cpp/projekt/build/_deps/raylib-src/examples/shapes/shapes_math_angle_rotation.c", "C", 0, 0, 0, 0, 49, 0, 0, 38, 19, 106
"/Users/mateuszwrobel/Documents/Sem4/cpp/projekt/build/_deps/raylib-src/examples/shapes/shapes_math_sine_cosine.c", "C", 0, 0, 0, 0, 94, 0, 0, 50, 33, 177
"/Users/mateuszwrobel/Documents/Sem4/cpp/projekt/build/_deps/raylib-src/examples/shapes/shapes_mouse_trail.c", "C", 0, 0, 0, 0, 37, 0, 0, 44, 21, 102
"/Users/mateuszwrobel/Documents/Sem4/cpp/projekt/build/_deps/raylib-src/examples/shapes/shapes_penrose_tile.c", "C", 0, 0, 0, 0, 177, 0, 0, 52, 43, 272
"/Users/mateuszwrobel/Documents/Sem4/cpp/projekt/build/_deps/raylib-src/examples/shapes/shapes_pie_chart.c", "C", 0, 0, 0, 0, 134, 0, 0, 49, 45, 228
"/Users/mateuszwrobel/Documents/Sem4/cpp/projekt/build/_deps/raylib-src/examples/shapes/shapes_rectangle_advanced.c", "C", 0, 0, 0, 0, 217, 0, 0, 85, 57, 359
"/Users/mateuszwrobel/Documents/Sem4/cpp/projekt/build/_deps/raylib-src/examples/shapes/shapes_rectangle_scaling.c", "C", 0, 0, 0, 0, 48, 0, 0, 34, 23, 105
"/Users/mateuszwrobel/Documents/Sem4/cpp/projekt/build/_deps/raylib-src/examples/shapes/shapes_recursive_tree.c", "C", 0, 0, 0, 0, 72, 0, 0, 38, 22, 132
"/Users/mateuszwrobel/Documents/Sem4/cpp/projekt/build/_deps/raylib-src/examples/shapes/shapes_ring_drawing.c", "C", 0, 0, 0, 0, 43, 0, 0, 36, 23, 102
"/Users/mateuszwrobel/Documents/Sem4/cpp/projekt/build/_deps/raylib-src/examples/shapes/shapes_rlgl_color_wheel.c", "C", 0, 0, 0, 0, 154, 0, 0, 64, 56, 274
"/Users/mateuszwrobel/Documents/Sem4/cpp/projekt/build/_deps/raylib-src/examples/shapes/shapes_rlgl_triangle.c", "C", 0, 0, 0, 0, 89, 0, 0, 53, 27, 169
"/Users/mateuszwrobel/Documents/Sem4/cpp/projekt/build/_deps/raylib-src/examples/shapes/shapes_rounded_rectangle_drawing.c", "C", 0, 0, 0, 0, 42, 0, 0, 35, 20, 97
"/Users/mateuszwrobel/Documents/Sem4/cpp/projekt/build/_deps/raylib-src/examples/shapes/shapes_simple_particles.c", "C", 0, 0, 0, 0, 179, 0, 0, 60, 46, 285
"/Users/mateuszwrobel/Documents/Sem4/cpp/projekt/build/_deps/raylib-src/examples/shapes/shapes_splines_drawing.c", "C", 0, 0, 0, 0, 164, 0, 0, 82, 43, 289
"/Users/mateuszwrobel/Documents/Sem4/cpp/projekt/build/_deps/raylib-src/examples/shapes/shapes_starfield_effect.c", "C", 0, 0, 0, 0, 73, 0, 0, 46, 27, 146
"/Users/mateuszwrobel/Documents/Sem4/cpp/projekt/build/_deps/raylib-src/examples/shapes/shapes_top_down_lights.c", "C", 0, 0, 0, 0, 210, 0, 0, 92, 81, 383
"/Users/mateuszwrobel/Documents/Sem4/cpp/projekt/build/_deps/raylib-src/examples/shapes/shapes_triangle_strip.c", "C", 0, 0, 0, 0, 56, 0, 0, 35, 20, 111
"/Users/mateuszwrobel/Documents/Sem4/cpp/projekt/build/_deps/raylib-src/examples/shapes/shapes_vector_angle.c", "C", 0, 0, 0, 0, 60, 0, 0, 35, 31, 126
"/Users/mateuszwrobel/Documents/Sem4/cpp/projekt/build/_deps/raylib-src/examples/text/resources/LICENSE.md", "Markdown", 0, 0, 22, 0, 0, 0, 0, 0, 1, 23
"/Users/mateuszwrobel/Documents/Sem4/cpp/projekt/build/_deps/raylib-src/examples/text/resources/shaders/glsl100/alpha_discard.fs", "F#", 0, 0, 0, 0, 0, 12, 0, 2, 7, 21
"/Users/mateuszwrobel/Documents/Sem4/cpp/projekt/build/_deps/raylib-src/examples/text/resources/shaders/glsl100/sdf.fs", "F#", 0, 0, 0, 0, 0, 13, 0, 6, 7, 26
"/Users/mateuszwrobel/Documents/Sem4/cpp/projekt/build/_deps/raylib-src/examples/text/resources/shaders/glsl120/alpha_discard.fs", "F#", 0, 0, 0, 0, 0, 11, 0, 2, 6, 19
"/Users/mateuszwrobel/Documents/Sem4/cpp/projekt/build/_deps/raylib-src/examples/text/resources/shaders/glsl120/sdf.fs", "F#", 0, 0, 0, 0, 0, 12, 0, 6, 6, 24
"/Users/mateuszwrobel/Documents/Sem4/cpp/projekt/build/_deps/raylib-src/examples/text/resources/shaders/glsl330/alpha_discard.fs", "F#", 0, 0, 0, 0, 0, 12, 0, 3, 5, 20
"/Users/mateuszwrobel/Documents/Sem4/cpp/projekt/build/_deps/raylib-src/examples/text/resources/shaders/glsl330/sdf.fs", "F#", 0, 0, 0, 0, 0, 13, 0, 7, 7, 27
"/Users/mateuszwrobel/Documents/Sem4/cpp/projekt/build/_deps/raylib-src/examples/text/text_3d_drawing.c", "C", 0, 0, 0, 0, 456, 0, 0, 127, 113, 696
"/Users/mateuszwrobel/Documents/Sem4/cpp/projekt/build/_deps/raylib-src/examples/text/text_codepoints_loading.c", "C", 0, 0, 0, 0, 77, 0, 0, 57, 32, 166
"/Users/mateuszwrobel/Documents/Sem4/cpp/projekt/build/_deps/raylib-src/examples/text/text_font_filters.c", "C", 0, 0, 0, 0, 66, 0, 0, 45, 28, 139
"/Users/mateuszwrobel/Documents/Sem4/cpp/projekt/build/_deps/raylib-src/examples/text/text_font_loading.c", "C", 0, 0, 0, 0, 36, 0, 0, 45, 19, 100
"/Users/mateuszwrobel/Documents/Sem4/cpp/projekt/build/_deps/raylib-src/examples/text/text_font_sdf.c", "C", 0, 0, 0, 0, 76, 0, 0, 41, 32, 149
"/Users/mateuszwrobel/Documents/Sem4/cpp/projekt/build/_deps/raylib-src/examples/text/text_font_spritefont.c", "C", 0, 0, 0, 0, 34, 0, 0, 42, 17, 93
"/Users/mateuszwrobel/Documents/Sem4/cpp/projekt/build/_deps/raylib-src/examples/text/text_format_text.c", "C", 0, 0, 0, 0, 23, 0, 0, 31, 15, 69
"/Users/mateuszwrobel/Documents/Sem4/cpp/projekt/build/_deps/raylib-src/examples/text/text_inline_styling.c", "C", 0, 0, 0, 0, 171, 0, 0, 63, 54, 288
"/Users/mateuszwrobel/Documents/Sem4/cpp/projekt/build/_deps/raylib-src/examples/text/text_input_box.c", "C", 0, 0, 0, 0, 69, 0, 0, 37, 29, 135
"/Users/mateuszwrobel/Documents/Sem4/cpp/projekt/build/_deps/raylib-src/examples/text/text_rectangle_bounds.c", "C", 0, 0, 0, 0, 159, 0, 0, 64, 53, 276
"/Users/mateuszwrobel/Documents/Sem4/cpp/projekt/build/_deps/raylib-src/examples/text/text_sprite_fonts.c", "C", 0, 0, 0, 0, 52, 0, 0, 37, 23, 112
"/Users/mateuszwrobel/Documents/Sem4/cpp/projekt/build/_deps/raylib-src/examples/text/text_strings_management.c", "C", 0, 0, 0, 0, 300, 0, 0, 57, 43, 400
"/Users/mateuszwrobel/Documents/Sem4/cpp/projekt/build/_deps/raylib-src/examples/text/text_unicode_emojis.c", "C", 0, 0, 0, 0, 316, 0, 0, 85, 70, 471
"/Users/mateuszwrobel/Documents/Sem4/cpp/projekt/build/_deps/raylib-src/examples/text/text_unicode_ranges.c", "C", 0, 0, 0, 0, 102, 0, 0, 71, 33, 206
"/Users/mateuszwrobel/Documents/Sem4/cpp/projekt/build/_deps/raylib-src/examples/text/text_words_alignment.c", "C", 0, 0, 0, 0, 64, 0, 0, 42, 29, 135
"/Users/mateuszwrobel/Documents/Sem4/cpp/projekt/build/_deps/raylib-src/examples/text/text_writing_anim.c", "C", 0, 0, 0, 0, 24, 0, 0, 30, 15, 69
"/Users/mateuszwrobel/Documents/Sem4/cpp/projekt/build/_deps/raylib-src/examples/textures/resources/LICENSE.md", "Markdown", 0, 0, 18, 0, 0, 0, 0, 0, 1, 19
"/Users/mateuszwrobel/Documents/Sem4/cpp/projekt/build/_deps/raylib-src/examples/textures/textures_background_scrolling.c", "C", 0, 0, 0, 0, 39, 0, 0, 37, 18, 94
"/Users/mateuszwrobel/Documents/Sem4/cpp/projekt/build/_deps/raylib-src/examples/textures/textures_blend_modes.c", "C", 0, 0, 0, 0, 45, 0, 0, 38, 21, 104
"/Users/mateuszwrobel/Documents/Sem4/cpp/projekt/build/_deps/raylib-src/examples/textures/textures_bunnymark.c", "C", 0, 0, 0, 0, 66, 0, 0, 45, 27, 138
"/Users/mateuszwrobel/Documents/Sem4/cpp/projekt/build/_deps/raylib-src/examples/textures/textures_cellular_automata.c", "C", 0, 0, 0, 0, 118, 0, 0, 61, 34, 213
"/Users/mateuszwrobel/Documents/Sem4/cpp/projekt/build/_deps/raylib-src/examples/textures/textures_clipboard_image.c", "C", 0, 0, 0, 0, 58, 0, 0, 33, 20, 111
"/Users/mateuszwrobel/Documents/Sem4/cpp/projekt/build/_deps/raylib-src/examples/textures/textures_fog_of_war.c", "C", 0, 0, 0, 0, 77, 0, 0, 54, 31, 162
"/Users/mateuszwrobel/Documents/Sem4/cpp/projekt/build/_deps/raylib-src/examples/textures/textures_framebuffer_rendering.c", "C", 0, 0, 0, 0, 109, 0, 0, 57, 43, 209
"/Users/mateuszwrobel/Documents/Sem4/cpp/projekt/build/_deps/raylib-src/examples/textures/textures_gif_player.c", "C", 0, 0, 0, 0, 53, 0, 0, 43, 27, 123
"/Users/mateuszwrobel/Documents/Sem4/cpp/projekt/build/_deps/raylib-src/examples/textures/textures_image_channel.c", "C", 0, 0, 0, 0, 55, 0, 0, 35, 23, 113
"/Users/mateuszwrobel/Documents/Sem4/cpp/projekt/build/_deps/raylib-src/examples/textures/textures_image_drawing.c", "C", 0, 0, 0, 0, 37, 0, 0, 38, 24, 99
"/Users/mateuszwrobel/Documents/Sem4/cpp/projekt/build/_deps/raylib-src/examples/textures/textures_image_generation.c", "C", 0, 0, 0, 0, 68, 0, 0, 34, 22, 124
"/Users/mateuszwrobel/Documents/Sem4/cpp/projekt/build/_deps/raylib-src/examples/textures/textures_image_kernel.c", "C", 0, 0, 0, 0, 74, 0, 0, 44, 28, 146
"/Users/mateuszwrobel/Documents/Sem4/cpp/projekt/build/_deps/raylib-src/examples/textures/textures_image_loading.c", "C", 0, 0, 0, 0, 22, 0, 0, 34, 16, 72
"/Users/mateuszwrobel/Documents/Sem4/cpp/projekt/build/_deps/raylib-src/examples/textures/textures_image_processing.c", "C", 0, 0, 0, 0, 108, 0, 0, 40, 31, 179
"/Users/mateuszwrobel/Documents/Sem4/cpp/projekt/build/_deps/raylib-src/examples/textures/textures_image_rotate.c", "C", 0, 0, 0, 0, 35, 0, 0, 31, 20, 86
"/Users/mateuszwrobel/Documents/Sem4/cpp/projekt/build/_deps/raylib-src/examples/textures/textures_image_text.c", "C", 0, 0, 0, 0, 35, 0, 0, 34, 21, 90
"/Users/mateuszwrobel/Documents/Sem4/cpp/projekt/build/_deps/raylib-src/examples/textures/textures_logo_raylib.c", "C", 0, 0, 0, 0, 20, 0, 0, 32, 14, 66
"/Users/mateuszwrobel/Documents/Sem4/cpp/projekt/build/_deps/raylib-src/examples/textures/textures_magnifying_glass.c", "C", 0, 0, 0, 0, 57, 0, 0, 52, 26, 135
"/Users/mateuszwrobel/Documents/Sem4/cpp/projekt/build/_deps/raylib-src/examples/textures/textures_mouse_painting.c", "C", 0, 0, 0, 0, 134, 0, 0, 54, 41, 229
"/Users/mateuszwrobel/Documents/Sem4/cpp/projekt/build/_deps/raylib-src/examples/textures/textures_npatch_drawing.c", "C", 0, 0, 0, 0, 51, 0, 0, 43, 23, 117
"/Users/mateuszwrobel/Documents/Sem4/cpp/projekt/build/_deps/raylib-src/examples/textures/textures_particles_blending.c", "C", 0, 0, 0, 0, 76, 0, 0, 41, 28, 145
"/Users/mateuszwrobel/Documents/Sem4/cpp/projekt/build/_deps/raylib-src/examples/textures/textures_polygon_drawing.c", "C", 0, 0, 0, 0, 66, 0, 0, 44, 29, 139
"/Users/mateuszwrobel/Documents/Sem4/cpp/projekt/build/_deps/raylib-src/examples/textures/textures_raw_data.c", "C", 0, 0, 0, 0, 47, 0, 0, 43, 21, 111
"/Users/mateuszwrobel/Documents/Sem4/cpp/projekt/build/_deps/raylib-src/examples/textures/textures_screen_buffer.c", "C", 0, 0, 0, 0, 87, 0, 0, 39, 28, 154
"/Users/mateuszwrobel/Documents/Sem4/cpp/projekt/build/_deps/raylib-src/examples/textures/textures_sprite_animation.c", "C", 0, 0, 0, 0, 50, 0, 0, 32, 25, 107
"/Users/mateuszwrobel/Documents/Sem4/cpp/projekt/build/_deps/raylib-src/examples/textures/textures_sprite_button.c", "C", 0, 0, 0, 0, 44, 0, 0, 35, 25, 104
"/Users/mateuszwrobel/Documents/Sem4/cpp/projekt/build/_deps/raylib-src/examples/textures/textures_sprite_explosion.c", "C", 0, 0, 0, 0, 62, 0, 0, 36, 29, 127
"/Users/mateuszwrobel/Documents/Sem4/cpp/projekt/build/_deps/raylib-src/examples/textures/textures_sprite_stacking.c", "C", 0, 0, 0, 0, 45, 0, 0, 39, 21, 105
"/Users/mateuszwrobel/Documents/Sem4/cpp/projekt/build/_deps/raylib-src/examples/textures/textures_srcrec_dstrec.c", "C", 0, 0, 0, 0, 29, 0, 0, 39, 21, 89
"/Users/mateuszwrobel/Documents/Sem4/cpp/projekt/build/_deps/raylib-src/examples/textures/textures_textured_curve.c", "C", 0, 0, 0, 0, 116, 0, 0, 62, 57, 235
"/Users/mateuszwrobel/Documents/Sem4/cpp/projekt/build/_deps/raylib-src/examples/textures/textures_tiled_drawing.c", "C", 0, 0, 0, 0, 164, 0, 0, 55, 38, 257
"/Users/mateuszwrobel/Documents/Sem4/cpp/projekt/build/_deps/raylib-src/examples/textures/textures_to_image.c", "C", 0, 0, 0, 0, 26, 0, 0, 34, 17, 77
"/Users/mateuszwrobel/Documents/Sem4/cpp/projekt/include/physics/engine.h", "C++", 26, 0, 0, 0, 0, 0, 0, 1, 8, 35
"/Users/mateuszwrobel/Documents/Sem4/cpp/projekt/include/physics/softBody.h", "C++", 22, 0, 0, 0, 0, 0, 0, 11, 8, 41
"/Users/mateuszwrobel/Documents/Sem4/cpp/projekt/include/physics/softBodyFactory.h", "C++", 17, 0, 0, 0, 0, 0, 0, 0, 3, 20
"/Users/mateuszwrobel/Documents/Sem4/cpp/projekt/include/physics/spring.h", "C++", 11, 0, 0, 0, 0, 0, 0, 1, 1, 13
"/Users/mateuszwrobel/Documents/Sem4/cpp/projekt/include/physics/vec2d.h", "C++", 27, 0, 0, 0, 0, 0, 0, 1, 3, 31
"/Users/mateuszwrobel/Documents/Sem4/cpp/projekt/include/render/renderer.h", "C++", 14, 0, 0, 0, 0, 0, 0, 0, 5, 19
"/Users/mateuszwrobel/Documents/Sem4/cpp/projekt/src/main.cpp", "C++", 40, 0, 0, 0, 0, 0, 0, 3, 7, 50
"/Users/mateuszwrobel/Documents/Sem4/cpp/projekt/src/physics/engine.cpp", "C++", 77, 0, 0, 0, 0, 0, 0, 16, 19, 112
"/Users/mateuszwrobel/Documents/Sem4/cpp/projekt/src/physics/softBodyFactory.cpp", "C++", 147, 0, 0, 0, 0, 0, 0, 11, 35, 193
"/Users/mateuszwrobel/Documents/Sem4/cpp/projekt/src/render/renderer.cpp", "C++", 29, 0, 0, 0, 0, 0, 0, 0, 9, 38
"Total", "-", 46077, 199, 350, 46, 19400, 6181, 569, 24301, 14173, 111296